title,label
ğŸ‘‹Tutorial ğŸ˜…Chapalakh ğŸ‘‹ #littos,0
Air walk tutorial ğŸ”¥ #funk #remix #airwalk #tutorial #dance #shortsfyp #shorts #slickback #jubislide,0
Quick 10 Second No Pin Hijab Tutorial /Full Video By Areeba_tahir_ #hijabtutorial #tutorial #shorts,0
Mini tutorial video. Shuffle/cuttingshapes,0
My Gua Sha tutorialâ¤ï¸ #guasha #tutorial,0
SLICKBACK DANCE TUTORIAL (FORWARD) ğŸ”¥ğŸ”¥,0
lip tutorial #art #tutorial #arttutorial #shorts,0
The GHOST step tutorialâ€¦,0
SHIMMER &amp; SHINE DANCE TUTORIAL! âœ¨ğŸ©·ğŸ©µ ( FOLLOW ALONG! ) - CadelandMia #tutorial #cute #dance #viral,0
SHIMMER &amp; SHINE DANCE TUTORIAL! âœ¨ğŸ©·ğŸ©µ ( FOLLOW ALONG! ) - CadelandMia #tutorial #cute #dance #viral,0
Rat Dance TutorialğŸ€ğŸ”¥ #shorts,0
Easiest RUSH E Piano Tutorial Ever!,0
Chess Type Beat | Rat Dance(New)| Shuffle Side Kick Tutorial,0
you guys seem to like my tutorials so i figured this might help ğŸ˜­ #shorts #arttutorial,0
REAL MEWING TUTORIALğŸ¤«ğŸ§ğŸ»â€â™‚ï¸ğŸ’€#real #mewing #tutorial #stepbystep #shelove,0
Level up dance challenge #shorts #tutorial,0
ğŸ˜³ Majedar Magic tricks || Tranding YouTube Tutorial ğŸ’¯ || #trending #tutorial #shorts,0
#TaubaTauba #Dance #Tutorial #Part1,0
ğŸƒ tutorial on how to make your character move! #shorts #alien #art #artandcraft #craft #fpy #meme ğŸ­,0
Revenge makeup #tutorial ğŸ«¶ğŸ¼â¤ï¸â€ğŸ”¥,0
Tutorial para hacer mortal atrÃ¡s!!ğŸ™ŒğŸ¼ğŸ”¥ğŸ¤¯,0
Eye tutorial #art #eyesketch #tutorial #drawing #youtubeshorts #shorts,0
How to make pizza squishy book ? ğŸ• #kids #shorts  #diy #tutorial,0
HOW TO BACKFLIP LIKE ISHOWSPEEDâ€¼ï¸âœ… #backflip #tutorial #ishowspeed,0
tutorial!! #hangingpaperdoll  #arttutorial #arttrend #artcraft #crafttut #fypage #kpopdemonhunters,0
Barcolaâ€™s 3 BEST SKILLSâ€¼ï¸â­ï¸ #xntonio #shorts #football #soccer #skills #tutorial,0
Moonwalk Tutorial,0
luther - Kendrick Lamar and SZA ğŸ¤© Viral TikTok Dance TUTORIAL! â€¼ï¸ #dance #tutorial,0
APT ğŸ¹#piano  #tutorial #pianolesson #pianotips #pianolessons #pianomusic #apt,0
Floating TORNADO kick tutorial,0
How To Do â€œFootworkâ€ | Beginner Dance Tutorial,0
SHIMMER &amp; SHINE DANCE TUTORIAL! âœ¨ğŸ©·ğŸ©µ ( FOLLOW ALONG! ) - CadelandMia #tutorial #cute #dance #viral,0
Adobe illustrator tutorials - Adobe illustrator for beginners #graphicdesigntools #tutorial,0
REAL MEWING TUTORIALğŸ’€#real #mewing #tutorial #shelove #jawline #stepbystep,0
CAN YOU DO IT? ğŸ˜³ğŸ¤”ğŸ¤£ VIRAL TIKTOK HAIR TIE TRICK TUTORIAL? ğŸ‘€ #shorts #viral #trend #tutorial,0
Steveâ€™s Lava Chicken - Piano Tutorial #shorts,0
Passo Bem Solto dance tutorialğŸ˜³ğŸ•º #shorts,0
[TUTORIAL] hands tutorial to gabriela by katseye #dance #tutorial #helicopterhands #gabriela,0
Pen spinning tutorial ğŸ‘€#shorts,0
#vitamina #jombriel #tutorial #trend #dance #dancetutorial #tiktok #baile,0
Air walk tutorialğŸ”¥ #funk  #remix #airwalk #tutorial #dance #shortsfyp #slickback,0
Tutorialâš ï¸ SFX makeup,0
here&#39;s a tutorial for everyone wondering how (: #trending #viral #tiktok,0
Lips tutorial âœ¨ï¸ #drawing #art #lips #tutorial #shorts,0
React Tutorial for Beginners,1
REAL MEWING TUTORIALğŸ’€ğŸ§ğŸ»â€â™‚ï¸#real #mewing #tutorial #shelove,0
Moonwalk tutorial satisfying,0
Your wayâ€™s better dance(made easy) tutorialâœ… #yourwaysbetter #shorts  #youtubeshorts #tutorial #fyp,0
Intentando Seguir un Tutorial de Dibujo #4,0
Ghost Inhale Trick Tutorial #tutorial #shorts #ghost,0
Ghost Inhale Trick Tutorial #tutorial #shorts #ghost,0
Tutorial on how to float (new edit) #slickback #airwalk #viral #dance,0
Intentando Seguir un Tutorial de Dibujo #64,0
Mini meğŸ˜ handing paper doll tutorialğŸ’•,0
Turning myself into a hanging paper doll! #trending #tutorial #art #paperdoll #hangingpaperdoll #diy,0
makeup tutorial #fyp #makeup #viralshorts,0
SIMPLE ARM WAVE TUTORIAL ğŸŒŠ #shorts #tutorial,0
How to Dougie | beginners tutorial #trending #dance #dancetutorials,0
Cornfield Chase #piano #interstellar #learn #tutorial  #lesson #piano #pianotutorial #pianomusic,0
Flare Tutorial Alex Destreza #acrobatics #gymnastics #BreakDance #Bboy #Powermoves #parkour #flips,0
Face Tracking Tutorial After Effects,0
KATSEYE - Gabriela HAND TUTORIAL (slowed down) #katseye #gabriela #dance  #kpopdance #dancetutorial,0
Michael Jackson Moonwalk Tutorial! *1 MINUTE DANCE LESSON*,0
Shallipopi- Laho dance tutorial for beginners #dance #tutorial #tutorials,0
drawing eye tutorial! #drawing #tutorial,0
#vaquero #tiktok #trend #dance #tutorial #comobailar,0
REAL MEWING TUTORIALğŸ’€ğŸ§ğŸ»â€â™‚ï¸#real #mewing #tutorial #shelove,0
Sticky Dance Challenge Tutorial #dance #tiktok,0
YouTube Tutorials,0
PASSO BEM SALTO - slowed tutorial ğŸ”¥ #dance #foryou #tutorial,0
Viral Mamushi Dance Challenge Slow-Mo Tutorial #tiktokdance #Megantheestallion,0
#shorts #howtodance #tutorial #dance #bachata,0
[XTINE] BLACKPINK - &#39;Shut Down&#39; Dance Tutorial (Mirrored + 75% speed),0
âœ… Dyrroth Tutorial by Renyaaa,0
âœ… Selena 4x Dash Combo Tutorial by Renyaaa,0
@Netflix Take Down - TWICE on kpop Demon Hunters TUTORIAL 0.7 #kpop #dance #tutorial #fyp #shorts,0
The Loser Ukulele Tutorial - Verzache Zach Farache #shorts #ukulele #tutorial,0
Text Reveal As You Walk  Vn Video Editor Tutorial,0
TUTORIAL Go through objects #TREND ğŸ‘€ğŸ˜‚#trend #creative #backstage #magic #tutorial #shorts,0
CÃ³mo bailar Salsa MUY FÃCIL ğŸ’ƒğŸ» #tutorial #shorts,0
SHIMMER &amp; SHINE DANCE TUTORIAL! âœ¨ğŸ©·ğŸ©µ ( FOLLOW ALONG! ) - CadelandMia #tutorial #cute #dance #viral,0
Eyebrow tutorial for beginners!,0
Air walk tutorial âœ… #funk #remix #airwalk #tutorial #dance #shortsfyp #slickback,0
#capaz #tutorial #merengueton #trend #dancetutorial #dance #tiktok,0
Shape of you ğŸŒ¹ #edsheeran #piano #tutorial #pianolessons,0
Moonwalk Tutorial ğŸš¶ğŸ”¥,0
Gerardo Coronel &quot;El Jerry&quot; - Tutorial Para Olvidar  [Video Oficial],0
How to draw Thanos easy | Step-by-Step Drawing tutorial,0
DOUBLE CHARGE pen spinning tutorial ğŸŒ€ #shorts,0
Oreo Cookies! Recipe tutorial #Shorts,0
Slick back tutorial â€¼ï¸ğŸ”¥ #slickback #tutorial #jubislide #viralchallenge #trending #shortsfyp #dance,0
âœ… Martis Combo Tutorial by Renyaaa,0
#tutorial #tutorials #shortvideos #tutorialvideo #tutorialshorts #shorts #shake #emoji #shakeemoji,0
Step by Step Back Handspring Tutorial ğŸ¤¸â€â™€ï¸âœ¨,0
Fluffy Squishy ğŸ˜± #tutorial #diy #squishy #fluffy,0
Tshwala bam tutorialğŸ”¥ğŸ¤© #amapiano #dance #tutorial#dancevideo#explore #foryou #viral #fyp#southafrica,0
Quick Ollie tutorial for beginnersğŸ¤“did you land it?ğŸ‘‡#fingerboard #tutorial #techdeck,0
BIKIN SLIME DARI CLAY SESUAI REQUEST LAGIIIII ğŸ¤© #slime,0
TUTORIAL SPLIT! 100% langsung khatam!,0
Chess type beat | Rat Dance | ì¥ëŒ„ìŠ¤ | Criss Cross Tutorial,0
Healing Your Heart With Quranic Verses - Mufti Menk | Islamic Lectures,0
Speak English Confidently || Sumita Roy || IMPACT || Trending with 24M Views on Youtube,0
Lecture Laa Ke | Nachhatar Gill | Full Video Song | Latest Punjabi Song | Angel Records,0
4 classiques Ã  dÃ©vorer dâ€™une traite â˜€ï¸ğŸŒ»â›±ï¸ #classique #lecture #livres,0
Personnalisez votre carnet de lectures !,0
The Deadliest Infectious Disease of All Time | Crash Course Lecture,0
Lecture,0
It&#39;s Insane To Not Have An Outline! - Brandon Sanderson&#39;s Writing Lecture #2 (2025) #writingadvice,0
Justice RC Lahoti Memorial Lecture Series | Hon&#39;ble Justice Surya Kant and Justice U. U. Lalit | MRU,0
âŒHow To Make Notes with Online Lectures?!ğŸ“ #jee #motivation,0
Lecture 1: Introduction to Power and Politics in Todayâ€™s World,0
&#39;This is my job&#39; - A wholesome moment during an Oxford University lecture ğŸ¥°,0
Leonard Susskind is a legend ğŸ¤£ #physics #funny #lecture,0
What is generative AI and how does it work? â€“ The Turing Lectures with Mirella Lapata,0
Stanford&#39;s Sapolsky On Depression in U.S. (Full Lecture),0
Lecture: Biblical Series I: Introduction to the Idea of God,0
Survivorship Bias  - Brandon Sanderson&#39;s Writing Lecture #1 (2025),0
LECTURE HALL IIT BOMBAY || #iitbombay #iit #iitmotivation,0
Physics Lecture is More Important! ğŸ¤¯ @PWVidyapeeth.Maharashtra #shorts,0
"No, no, no, no, no",0
Alan Watts - Individual and the World Pt  1 Full Lecture - Alan Watts Organization Official,0
Why Jesus Ate Meat? | Prabhupada Shorts Lectures Bhagavatam Gita #prabhupadavani,0
The Turing Lectures: The future of generative AI,0
ğŸ¤¯FASTEST WAY to Watch Lectures!!!! âœ… #jee #motivation,0
Nietzsche: Socrates is Ugly,0
Pro-Israeli heckler disrupts lecture by historian Ilan Pappe,0
Lecture 2: Airplane Aerodynamics,0
he is tired of teaching ğŸ˜­ #college #student #lecture #chatgpt #collegelife #twaingpt,0
How to Talk to Krishna? | Prabhupada Shorts Lectures Bhagavatam Gita #prabhupadavani,0
The Power of Patience: Learning to Trust Allah&#39;s Timing - Omar Suleiman | Islamic Lectures,0
Carl Sagan&#39;s 1994 &quot;Lost&quot; Lecture: The Age of Exploration,0
Horrified By Current Writing Tropes - Brandon Sanderson&#39;s Writing Lecture #3 (2025) #writingadvice,0
not a single recorded lecture will be watched #collegelife #college  #attendance #class #lecture,0
Pro-â€œIsraeliâ€ disrupts Palestinian liberation lecture by waving flag in protest,0
à¦…à¦¤à¦¿à¦°à¦¿à¦•à§à¦¤ à¦šà¦¿à¦¨à§à¦¤à¦¾ à¦•à¦°à¦¬à§‡à¦¨ à¦¨à¦¾ - à¦¨à§‹à¦®à¦¾à¦¨ à¦†à¦²à§€ à¦–à¦¾à¦¨ || Noman Ali Khan Notun lecture #à¦¨à§‹à¦®à¦¾à¦¨_à¦†à¦²à§€_à¦–à¦¾à¦¨ #Shorts,0
Chances of Going Pro - Brandon Sanderson&#39;s Writing Lecture #1 (2025),0
Inside an IIT Bombay Lecture Hall  ğŸ“šâœ¨ !! #shorts #iitbombay #motivation #iitmotivation #beauty,0
Why Great Philosophers Don&#39;t Marry,0
My Mother Passes Away During Lecture ğŸ˜”ğŸ˜¢ #akhiayman #motivation #reminder,0
Do You Have Worldbuilders Disease?  - Brandon Sanderson&#39;s Writing Lecture #writing #worldbuilding,0
Your Job As a Writer - Brandon Sanderson&#39;s Writing Lecture #1 (2025),0
Boing boing in the lecture hall at USC,0
How to maximize your lectures,0
Nastik Javed Akhtar | Indian Atheist | Himanshu KA LEcture,0
Grandpa Tolkien Cheated  - Brandon Sanderson&#39;s Writing Lecture #4 #writingadvice #lotr #writing,0
What happened after H.H Radhanath Swamiâ€™s lecture? | Why was everyone tired?,0
Alan Watts - Myth of Myself Full Lecture Part 1 - Alan Watts Organization Official,0
Philosophy in One Lecture,0
Getting Kicked Out Of A College Lecture,0
Retell Lecture PTE Exam Secrets,0
Retell Lecture PTE Exam Secrets,0
Nastik Osho | Indian Atheists | Himanshu KA LEcture,0
Philosophy in One Lecture,0
The earth as a planet - Carl Sagan&#39;s 1977 Christmas Lectures 1/6,0
ğŸ”¥ğŸ”¥à¤ªà¤¢à¤¼à¤¤à¥‡ à¤¸à¤®à¤¯ à¤¨à¥€à¤‚à¤¦ à¤•à¥‹ Bye Bye ğŸ‘‹ | Avoid sleeping while studying #shorts #reels #tips #motivation,0
Going to attend first LectureğŸ¥³ #iitbombay #iit #jee #shorts #viral #trending #motivation,0
Lecture hall #iitbombay #iit #iitjee,0
Whole Lecture Hall are Toppers ğŸ“ #iitbombay #iit #iitjee #jeeadvanced #iitjam #iitdelhi #iitmadras,0
Watch Lectures like a PRO,0
Bro was cooking DURING A COLLEGE LECTURE! ğŸ˜­,0
Lecture paglu  Aspirant ğŸ€ | IIT JEE | #iitjee,0
and itâ€™s a required course #collegelife #professors #class #lecture #university,0
Most Beautiful Lecture by Oshoâ¤ï¸ | @Lunarastro EXPLAINS,0
Constitution 101 | Lecture 1,0
The Sophia Lectures with Dr Iain McGilchrist - Lecture 1: Division and Union,0
Sarah Paine: The War For India (Lecture &amp; Interview),0
Randy Pausch Last Lecture: Achieving Your Childhood Dreams,0
Understanding Bernoulli&#39;s Theorem Walter Lewin Lecture,0
The Aztecs: Part 1,0
Failing At Writing Grimdark - Brandon Sanderson&#39;s Writing Lecture #1 (2025),0
ğŸ¤¯FASTEST way to WATCH LECTURES ğŸ”¥| Rohit Nagar,0
Story Structures - Plot Theory: Brandon Sanderson&#39;s Writing Lecture #3 (2025),0
Lecture Ke Kaise NotesğŸ˜±ğŸ’¯#pw #shorts #physicswallah #neet,0
Why Did World War I End So Suddenly? The Unexpected Armistice of 1918 - David Stevenson,0
Srila Prabhupada Hindi lecture Prabhupada hindi lecture #prabhupada #motivation #love,0
The Grand Lecture Hall of IIT Bombay #iit #iitbombay #jee,0
Lecturer à¤•à¤¿à¤¸à¥‡ à¤¬à¥‹à¤²à¤¤à¥‡ à¤¹à¥ˆà¤‚ ? | TEAM,0
Last Lecture Series: How to Live your Life at Full Power â€” Graham Weaver,0
âš¡Watch Lectures like AIR 1ğŸ—¿JEE 2026 | JEE 2027 | NEET 2026 | IIT motivation #jee #iit #shorts,0
"Think Fast, Talk Smart: Communication Techniques",0
Hard times will come once or twice in life | Vikas Divyakirti Ki Pathsala |#motivation #upsc #ias,0
What type of person are you at an Islamic lecture #shorts,0
LIVE à¤¯à¤¾ RECORDED à¤•à¥à¤¯à¤¾ PREFER à¤•à¤°à¥‡à¤‚?? ğŸ¤”ğŸ˜¥ğŸš€ #PhysicaWallah #Shorts #Yakeen2pw,0
Sarah Paine: Why Japan Lost WW2 (Lecture &amp; Interview),0
IIT Bombay Lecture Hall | IIT Bombay Motivation | #shorts #ytshorts #iit,0
à¤¸à¤¾à¤°à¥‡ LECTURES 2x à¤•à¥€ SPEED à¤ªà¤° à¤¹à¥€ à¤¦à¥‡à¤–à¥‡à¤‚ !! ğŸ¤¯ğŸ’¥ğŸ«¡ #PWShorts #PhysicsWallah #NEET2023Results,0
How Successful People Think? Life Changing Lecture by Qasim Ali Shah,0
Last lecture of std-10 #education #vimalsir #std10,0
Invading a first year Maths lecture #shorts #tiktokviral #oxforduniversity,0
Cooking Curry During College Lecture! #foryou #viralvideos #shorts #funny #comedy,0
Why You Love Your Body? Srila Prabhupada lecture @srilaprabhupadateachings #prabhupada #love,0
Economics of Entertainment  - Brandon Sanderson&#39;s Writing Lecture #1 (2025),0
STOP WORRYING AND TRUST ALLAH TO MAKE A WAY FOR YOU | Sh Belal Assad | Islamic Lectures,0
IIT Bombay Lectures and you can wear shorts ğŸ©³ #iitbombay #iit #jee #iitjee #iitmotivation #jeemains,0
COOKED AFTER WATCHING 3 ONLINE LECTURES #shorts #minivlog #jee #study,0
Lecture La Ke Nikli | Part 1 | Bhangra #shorts,0
The Philosophy of Professional Writing: Brandon Sanderson&#39;s Writing Lecture #1 (2025),0
âŒ1 SHOT vs FULL LECTURES?! ğŸ¤¯ | IIT-JEE #iitjee #motivation,0
Teacher ki Death during lecture ğŸ˜­#niazahmed #death #heartbreak #shortsyoutube #shortsfeed #shorts,0
LA LECTURE TRANSFORME VOTRE CERVEAU,0
How to Cook with Ice ğŸ§Š,0
How to Make Strawberry Lollipops,0
How to Unlock a Padlock with a Safety Pin! #shorts,0
How to Make Every COOKING RECIPE in Grow a Garden! (FULL GUIDE),0
how to make people stay out!,0
Voter list kaise download Karen 2025 | How to download new voter list 2025 | Voter ID Roll PDF,0
How to run faster?ğŸ¤” #shorts,0
Letâ€™s learn how to crochetğŸ¤—ğŸ’•,0
Knife Skills: How to Slice an Onion,0
How to Hold Chopsticks with Jet Tila,0
How to Tie a Half Windsor Knot (Shorts),0
How To GET HOT DOG In Grow A Garden! (HOT DOG RECIPE COOKING EVENT) Roblox,0
How To Make Paper Kunai,0
Facebook Account Kaise Delete Kare | How To Delete Facebook Account Permanently | Fb id delete,0
"How to Make â‚¹1 Crore with â‚¹50,000 Salary | Wealth Plan for Middle-Class India | Sanjay Kathuria",0
How to skip school like a pro #lifehack #comedy #shorts,0
How to punch correctlyâ€¦,0
how to make hair band from rubber | rubber se hair band kaise banaye | easy rubber band making #diy,0
One of the reasons why u canâ€™t wear colored contacts#howto #cosplay #foryou  #tutorial,0
How To Make a Pizza in Grow a Garden | How To Get Pizza Recipe in Grow a Garden | Roblox,0
How To Noodle A Catfish ğŸ˜®,0
How to nutmeg your mates! #howto #skills #tutorial #tips #football #soccer,0
How to Fall Asleep Fast,0
How to make All the DIY games from squid game 3 #shorts #squidgame #diy,0
How to Make Super Fast Paper Ninja Star ğŸŒŸ #shorts,0
POV: How to catch a Thief,0
How to Fight a Gross Man ğŸ˜¡,0
How to Cut a Round Cake,0
ğŸ¦Œ How to make DEER AVATAR 99 nights in the Forest ğŸŒ³ #robloxavatar #99nightsintheforest #roblox,0
How To Get A New IPad Tablet Be Like Dwayne Peele x Arnold Ai Edition #aiart #chatgptart,0
How to make the viral water bubble. You need this type of thin nano tape! #satisfying #trending #diy,0
How To Become A Mummy ğŸ˜±,0
How to draw a Perfect Star â­ï¸,0
How to Gleek ğŸ’¦,0
How To GET PIZZA In Grow A Garden! (PIZZA RECIPE COOKING EVENT) Roblox,0
How To Fix a Water Damaged Laptop,0
"How to Complete ANY Challenge - ANY Day, Any Time! #Shorts by Anna Kova",0
Hiccupâ€™s Mom Is Hiding Another Night Fury in how to train your dragon ?,0
How to Make a Spider-Man Web Shooter | Paper Craft ğŸ¤©#shorts,0
How To GET ALL COOKING RECIPES In Grow A Garden! (COOKING EVENT RECIPES - ALL FOODS) Roblox,0
How to open a lock easy way,0
How to make Pizza plushie with tissue and glueğŸ•,0
ek mobile se dusre mobile me data kaise transfer kare | How to transfer data in another mobile,0
How to Steal a Brainrot in Minecraft ğŸ¤¯ #shorts,0
how to draw a body,0
How to mew ğŸ˜±,0
How to make the best MILK COFFEE for your friend?ğŸ˜…â¤ï¸â˜•ï¸| CHEFKOUDY,0
How To Remove Sea Urchin Spines ğŸ˜¬,0
How To Do the Splits ğŸ˜±,0
How To Fly,0
How to Steal a Brainrot in Minecraft ğŸ¤¯ #shorts,0
how to join Today&#39;s Fortnite live event ? (Super Showdown),0
How to make the best MILK COFFEE for your friend?ğŸ˜…â¤ï¸â˜•ï¸| CHEFKOUDY,0
"How to draw textures (wood, scales and grass) #shorts #art",0
How To Make Toast,0
Tatkal Ticket Kaise Book Kare | IRCTC Tatkal Ticket Booking | How to Book Tatkal Ticket in IRCTC,0
how to draw a body,0
How To Make a Sandwich in Grow a Garden | Sandwich Recipe Grow a Garden | Roblox,0
How to mew ğŸ˜±,0
I Taught My Deaf Son How To Swim!!! #shorts,0
How To Do the Splits ğŸ˜±,0
How To Remove Sea Urchin Spines ğŸ˜¬,0
How To Fly,0
"how to function with long nails, a tutorial ğŸ’…ğŸ»à±¨à§â‹† Ëšï½¡â‹†ğŸ€",0
HOW TO MAKE ALL FOODS FAST in Grow A Garden! (FULL GUIDE) Roblox,0
How To GET SANDWICH In Grow A Garden! (SANDWICH RECIPE COOKING EVENT) Roblox,0
How to give CHOCOLATE to your friend properly?ğŸ˜â¤ï¸ğŸ«| CHEFKOUDY,0
How to fight the right way,0
Delta Executor Mobile - UPDATED Delta Executor NO KEY (How To Get Delta Executor on iOS &amp; Android) âœ…,0
How to do a Handstand,0
EP 28: How to run faster in 4 steps,0
How To Do An Aerial (6 Simple Steps) #gymnastics #aerial,0
How To AFK Farm The COOKING UPDATE Grow A Garden! (Grow A Garden),0
How To CARTWHEEL ğŸ¤¸ğŸ¼ EASY TIPSğŸ”¥ #gymnast #cartwheel #tutorial #howto #easy,0
HOW TO CROCHET FOR ABSOLUTE BEGINNERS | EPISODE ONE,0
how to blow up a big bubble gum ball,0
This Is How To Cook Steak Perfectly Every Time,0
How to Make Sponge Ice Tutorial ğŸ§Š,0
How To GET SALAD In Grow A Garden! (SALAD RECIPE COOKING EVENT) Roblox,0
how to ACTUALLY style HAIR PARTY ğŸ˜­ on Dress to Impress #dresstoimpress #roblox #dti,0
How to use Chopsticks ğŸ¥¢âœ…,0
FINALLYğŸ¤© New Hidden Achievement Mission ğŸ¤¯| How To Complete All Achievement Mission In Free Fire 2025,0
How To Train Your Dragon | Official Trailer,0
How to legally steal a Labubu,0
How To Make A Cake In Grow A Garden Roblox | Cake Recipe ,0
How To GET PIE In Grow A Garden! (PIE RECIPE COOKING EVENT) Roblox,0
How to make the best CHOCOLATE CANDY surprise for your best friend?ğŸ˜…â¤ï¸ğŸ«| CHEFKOUDY,0
How To Steal a Brainrot ğŸ’€,0
How to Start a Fashion Trend ğŸ˜˜,0
How To Survive In A Sewer ğŸ˜§,0
How to Trade in Grow a Garden ROBLOX,0
How to Get A in Math Exams,0
HOW TO MAKE MAGIC SMOKE ğŸ˜±,0
How to draw Anomail udud #trending #drawing #shorts,0
How to do Wash and Style 360 Waves,0
How to Do the Cooking Event in Grow a Garden (All Recipes + Rewards Guide!),0
How To Get Itachi Voucher In Free Fire || Epic Ninja Trials Event Defect Problem Kaise Thik Hoga,0
ICE CREAM RECIPE in Grow A Garden â€“ How to Craft Ice Cream FAST in the Cooking Event! (Roblox),0
I Made GLUESTICK SLIME!? ğŸ˜±ğŸ˜³ How to Make Slime Without Glue &amp; Activator,0
How To Do a Backflip ğŸ˜¨,0
UPSSSC PET Geography Classes 2025 | PET à¤¦à¤°à¥à¤¶à¤¨ à¤¸à¥€à¤°à¥€à¤œ | UPSSSC PET Indian Geography Marathon,0
"MAHA MARATHON CLASS, VARG - 3 2025 NOTIFICATION | MPTET VARG-3 2025 VACANCY | MPTET VARG 3 2025",0
Googleâ€™s AI Course â€“ 100% Free! âœ…,1
Top 3 Cheapest Online Courses | Anurag Aggarwal,1
5 Short Term Courses | Online Courses | Certification Courses | Skill Based Courses,1
FREE AI Courses worth â‚¹50 Lakhs ğŸ¤©ğŸ’°#shorts,1
Courses after 12th &amp; Graduation full form #shorts,1
Day1 à¤¸à¥‡ à¤…à¤‚à¤—à¥à¤°à¥‡à¥›à¥€ à¤¬à¥‹à¤²à¤¨à¤¾ à¤¸à¥€à¤–à¥‡à¤‚ ğŸ˜±| 100 Daily Use English Sentences | English Connection Kanchan Keshari,0
Triple Chocolate Brownie Part of Our Basic to Advance Course,0
FREE Courses by Google 2025 #shorts #google,1
ğŸ’¥Best Free AI Courses for Beginners! Must Do Courses for MBA Studentsâ˜‘ï¸#mba #artificialintelligence,1
Top 5 courses for ECE students !!!!,1
à´ªàµ†à´Ÿàµà´Ÿà´¨àµà´¨àµ à´œàµ‹à´²à´¿ à´•à´¿à´Ÿàµà´Ÿà´¾àµ» à´à´¤àµ à´à´Ÿàµà´•àµà´•à´£à´‚ - Professional or Degree Course? #courses #smet #originals,a
Best Medical Courses After 12th pass|MBBS|BAMS|GNM|BSC|BUMS..#important #shortvideo #gk#knowledge,0
This obstacle course is WILD,0
ADCA Full Course | FREE ADCA Certificate...,1
5 Courses That Will CHANGE YOUR CAREER FOREVER ğŸ“½ï¸| Ishan Sharma #shorts,0
Best Diploma Course After 12th #courses #shorts,0
Top AI courses that you can take for free,1
Top 5 programming courses,1
Coursera Courses Free (2025) â¤ How to Do Courses for FREE on Coursera?,0
"How to get Google, Microsoft, and IBM certificates for free ?  Try this! ğŸ˜‰ #shorts #certification",0
Disoriented Trump has golf course MELTDOWN,0
FREE GOOGLE COURSES !!! Earn 50k plus ğŸ‘ŒğŸ»ğŸ˜±,1
"Advance Beautician course,threading practice time #shorts #shortreel #shortreelvideo #rupsmakeover",0
2-hour courses with certificates for students #shorts,1
Learn English A1 to B2 in 4 Hours (Complete English Grammar Course for Beginners),0
ğŸ“š 5 High Paying Courses to do Along with BCom in 2025,0
"Important full forms degrees, Course, Certificate etc. #mba #ma #ssc #bcom #fullform #gk #shorts",0
Top 5 High paying courses after 12th without NEET #PCB #class12 #career #cuet,0
Top 5 ğŸ˜± computer courses in-demand in 2025.,0
6 Short-term Courses (for high paying jobs) -- Read Pin Comment,0
TOP 10 BEST HIGH SALARY Diploma Courses After 10th &amp; 12th #shorts,0
Excel for Beginners - The Complete Course,1
7 FREE Online Courses Average Students Must Try! | Don&#39;t Miss,0
Harvard and Stanford&#39;s FREE A.I. courses!!!!,1
Could You Win This Obstacle Course?,0
The Classes I Took My Freshman Year of High School #shorts,0
Intro to Psychology: Crash Course Psychology #1,0
The World&#39;s Toughest Obstacle Course? ğŸ˜®â€ğŸ’¨,0
Course After 12th and Course After Graduations Full Form #fullform #graduation #course #after12,0
Get any Course on Coursera Free ğŸ˜²ğŸ˜± #courserafreecourses #hacks #FreeCourse,0
Free Microsoft AI Course For Absolute Beginners in 2024,1
D pharm vs Dmlt course? #minivlog #youtubeshorts #dailyvlog #medicalstore #shorts #pharmacy #facts,0
Government Free Certificate Course | Government Free Course #upskillingcareer @Guidancegurujisbj,0
Silvester&#39;s method CPR ITI practical classes #electrician,0
RISKY obstacle courseğŸ˜±ğŸ’€,0
"After BCom/BBA Best Professional Courses in India - Salary after CMA USA, CPA, ACCA, CFA, EA",0
merchant navy course | dns | Bsc nautical science | B.Tech Marine Engineering | #merchantnavy #ship,0
Harvard Course Requirements,0
TOP 10 BEST HIGH SALARY Diploma Courses After 10th &amp; 12th #shorts,0
merchant navy course | dns | Bsc nautical science | B.Tech Marine Engineering | #merchantnavy #ship,0
TOP 3 HIGH-PAYING TECH JOBS! (UPTO 50LPA) #shorts #techjobs,0
Harvard Course Requirements,0
Top 15 High Salary computer courses | 2021,1
The World&#39;s Toughest Obstacle Course? ğŸ˜®â€ğŸ’¨,0
Get SEBI &amp; NISM Certified For FREE!,0
3 FREE Digital Marketing Courses ğŸ”¥ | #lmtshorts #shorts,0
TOP 10 BEST Courses After 10th &amp; 12th,0
Could You Win This Obstacle Course?,0
We Did A Divorce Course,0
Police not investigating golf course fight involving former NHL player,0
How to get Udemy courses for free?,0
OF COURSE Iâ€™M DELUSIONAL â€¼ï¸ #Joy #InsideOut #insideout2 #illusionmakeup #makeuptransformation #art,0
B. Sc COURSES FOR AFTER 12 TH MATHS BIO AND MATHS CS|SCIENCE STREAM DEGREES|3 YEAR DEGREE COURSES,0
"After BCom/BBA Best Professional Courses in India - Salary after CMA USA, CPA, ACCA, CFA, EA",0
Complete SEO Course for Beginners: Learn to Rank #1 in Google,1
ğŸ’¥5 Best Free Online Course PlatformsğŸ¤© Free Skills &amp; CertificationsğŸ’¥#shorts #bca#certification #viral,0
FREE A.I. courses for STUDENTS!!!,1
Ai to Create an Online Course in JUST 2 Days ğŸ˜³,1
2 August Current Affairs 2025 | Daily Current Affairs | Current Affairs Today,0
What is Philosophy?: Crash Course Philosophy #1,0
HATE CODING? 20LPA+ NON-TECH JOBS ğŸ’¸ #Jobs #nontechjobs,1
How to Get 10â€“20 Lakh Salary After Bachelorâ€™s Degree? | High Paying Jobs 2025 | Intellipaat #shorts,0
Future Trading Course #crypto #bitcoin #cryptotrade #cryptocurrency #binance #trading,0
Power BI Full Course Tutorial (8+ Hours),1
Which Course is Best to Master AI?! ğŸ“| Tamil CEO Sidd Ahmed,1
"Delicious watermelon dishesğŸ‰, first course and cake. #candy #food",0
3 Essential Skills you can start learning today! #excel #shorts,0
After 12th Best Courses for Girls | TOP 10 courses for GIRLS #shorts,0
wheatstone bridge ITI practical classes ITI #skills test class ITI exam practical,0
Graphic Design Basics | FREE COURSE,0
à®à®¨à¯à®¤ AI Course à®ªà®Ÿà®¿à®•à¯à®•à®²à®¾à®®à¯ | #Shorts,0
Which Coding Language Pays More in 2025? Python vs Java.. #python  #java #courses,0
Top 5 High-Demand Courses for Commerce Students ğŸ”¥âœ… #shorts,0
12th à¤•à¥‡ à¤¸à¤¾à¤¥ JOB + COURSE à¤•à¥€ à¤¤à¥ˆà¤¯à¤¾à¤°à¥€ à¤•à¥ˆà¤¸à¥‡ à¤•à¤°à¥‡à¤‚? | Career Guidance 2026 | By Avinash Sir,0
5 FREE Online Courses Students Must Do in 2024 ğŸ”¥| Ishan Sharma #shorts,0
New Trader vs professional Trader price action trading courses #crypto #forex #strategy #trading,0
Machine Learning for Everybody â€“ Full Course,1
Best Medical Course After 12th Pass |MBBS|BAMS|B.Pharm|D.Pharm|M.Pharm #medical #full #from #shorts,1
Power of FREE AI Courses! ğŸ’¸ğŸ”¥ #shorts,1
5 free Google courses,1
Harvard CS50 â€“ Full Computer Science University Course,1
Python courses for Beginners (FREE),1
30 Lakhs in 3 Months | Sell Courses and Earn Money,0
5 high paying B.Sc courses after 12th #shorts,0
Online coursesâœ… || #prashantkirad #motivation #exhubmotivation #podcast #rajshamani,0
When hockey instincts kick in on the golf course #shorts,0
Top 5 Computer Course | Beat Computer Course | #computercourse,0
Free Google Certification Courses | In-Demand Career Certifications (Must Know),1
Prawdziwe kocie historie #edukacja #fizyka #nauka,0
Genius test/challange your mind #iqtest #maths #schoollife #teacher #education #genius #activity,0
IQTEST 35#iqtest #iq #braintest #school #schoolactivity #childrenactivities #education,0
IQ TEST - 62 / Mind Game #education #maths #school #students #youtubeshorts #trending #braintest,0
Importance of education l essay on importance of education l speech on importance of education,0
Texas education leader urges action after teacher charged in Arkansas double murder,0
Drawing a Tractor with &#39;55&#39; / innovative ideas #education #drawing #school #students #youtubeshorts,0
Education Full FormğŸ”¥Full Form of EducationğŸ‘Œ#shorts #short,0
APJ Abdul Kalam&#39;s idea to reform Education system ğŸš€,0
Genius test/test your iQ #students #schoollife #education #school #mathstricks #funny #teacher #yt,0
Learn Shapes &amp; Numbers Wooden Slider Tumbling Toys | Preschool Kids Learning 3D Educational Toddler,0
Best Learning Videos For Kids | The Dr.Binocs Show | Fun Learning Videos For Kids | By Peekaboo Kids,0
Sensory test for 1st grade / innovation ideas #education #school #students #youtubeshorts,0
Brain Test - 42 / Test your IQ / Teacher innovation ideas.. #education #maths #school #students,0
improve logical thinking / innovative ideas. #education #maths #school #viralshorts #youtubeshorts,0
Science is fun when you learn by doing. Water rocket made and launched by kids ğŸš€  Girls in STEM,0
How AI Could Save (Not Destroy) Education | Sal Khan | TED,0
What&#39;s Education For?,0
Opposite Words for Kids | Educational Video For Toddlers and Preschool | Children Learn Opposites,0
What next? Brain improve test #education #school #maths #youtubeshorts,0
Full Form of Education #learnenglish #speakenglish  #education #spokenenglish #shorts #reels,0
Educating Kids in the Age of A.I. | The Ezra Klein Show,0
Play Safe at the Waterpark! Learn Safety Rules | Educational Videos &amp; Cartoons For Toddlers,0
DOUBTFUL QUESTIONS || HTET Level 2 &amp; 3|| Physical Education || By Meenakshi Dwivedi,0
Education System,0
New students #students #information #learning #education #class #simplelearning #fun,0
Drawing a chair with &#39;H&#39; / innovative ideas #drawing #education #youtubeshorts #school #viralshorts,0
IQ test - 86 / Brain Test / innovative ideas. #education #maths #school #students #youtubeshorts,0
Les formes en anglais 3 ğŸ‡¬ğŸ‡§ #apprendre #enfants #dÃ©butant #education #maternelle #gÃ©omÃ©trie,0
Toddler Learning Video With Lucas &amp; Friends | Fun Educational Video for Toddlers To Learn New Words,0
essay on education in english | education essay in english | 10 lines on education in english,0
vbu sem 3 sec digital education bc centre maha Kranti video l digital Shiksha ka Arth aur iske Vikas,0
Why Education is Important ? ğŸ“šğŸ˜² | Kuldeep Singhaniaa #shorts,0
How Your Brain Works? - The Dr. Binocs Show | Best Learning Videos For Kids | Peekaboo Kidz,0
Blippi Learns Colors &amp; Letters For Kids With Clay | Educational Videos For Kids,0
Eric Prydz VS Pink Floyd - &#39;Proper Education&#39; (Official Video),0
Interactive Flat Panel 75 Inch Digital Board For Classroom - Smart Board For Teaching - Touch Board,0
What is the Future of Education? Freakonomicsâ€™ Steve Levitt &amp; Google Chief Technologist Ben Gomes,0
"Toddler Learning Videos | Kids Learn to Count, Shapes &amp; Colors Educational Videos For Toddlers",0
Learn Food For Kids | Blippi And The Chocolate Factory | Educational Videos For Children,0
Blippi Learns and Plays with Colors! | Toys and Shapes | Educational Videos for Kids,0
A Transparent Ocean: What If? + more videos | #aumsum #kids #science #education #children,0
"Toddler Learning Numbers, Colors For Kids, ABC Song, Toddler and Baby Learning With Lucas &amp; Friends",0
The Five Senses and more 1 hr kids educational learning video!,0
Why is dry ice so dangerous? | #aumsum #kids #science #education #children,0
How to Make Learning as Addictive as Social Media | Duolingo&#39;s Luis Von Ahn | TED,0
"Toy Learning Video for Toddlers - Learn Spanish Colors, Shapes, and Numbers with a Birthday Cake!",0
Learning Shapes &amp; Numbers with a Fun Wooden Toy Set | Kids Learning Educational,0
"Preschool &amp; Toddler Learning Video with Ms Rachel - Learn Shapes, Letters, Numbers, Colors &amp; More",0
The Best of Toddler Fun Learning | Learning Videos For Toddlers,0
Admissions Open. The Punjab Schools. #schools #admissionopen #education #schoollife #schoolstory,0
Diana and Roma - the best educational stories for children,0
I always develop interest in teaching | Dr. APJ Abdul Kalam speech | Interaction with students |,0
TVK Vijay | Education Award Function | School Students | Fun | Sun News,0
"ECCE Educator Bharti up 2024 | ECCE Educator Bharti Eligibility, Age | Up ECCE Educator 2024",0
Blippi Meets TALKING PLANETS! | Blippi Wonders | Educational Cartoons for Kids,0
"Learn Numbers, Colors, Shapes, First Words, ABC | Kids Learning Videos | Toddler Learning With Lucas",0
Mbadi: Government can no longer sustain free education,0
Top 10 countries with best education | Anurag Aggarwal,0
TVK Vijay | School Students | Education Award | Child Cute Moments | Sun News,0
School ğŸ« à¤®à¥‡à¤‚ Siren ğŸš¨ Man -- ( School Life ğŸ’ ) #school #schoollife #shorts,0
Guess fruits name #youtubeshorts #education #viralvideo,0
"Baby Learning Videos | Babies and Toddlers Learn Colors, First Words, Shapes, ABC | Lucas &amp; Friends",0
Les couleurs en anglais ğŸ‡¬ğŸ‡§ #apprendre #enfants #dÃ©butant #maternelle #education,0
Peppa Learns The Days Of The Week! ğŸ“† Educational Videos for Kids ğŸ“š Learn With Peppa Pig,0
ALPHABET GAME | Teacher Innovation Ideas | #alphabet #abcd #education #school #shorts #short #yt,0
China Amazing School #shorts #viral #school #china #facts #students #short #chineseschool #education,0
"ULTIMATE Educational Learning Video for Toddlers! Kids Learn Best Colors, DIY Numberblocks, Counting",0
What the Department of Education REALLY does,0
FUN Kindergarten Learning Songs! | 90 Minutes of Educational Kindergarten Songs | Jack Hartmann,0
à¤à¤¾à¤°à¤–à¤‚à¤¡ à¤•à¥‡ à¤µà¤°à¥à¤¤à¤®à¤¾à¤¨ à¤¶à¤¿à¤•à¥à¤·à¤¾ à¤®à¤‚à¤¤à¥à¤°à¥€ à¤°à¤¾à¤®à¤¦à¤¾à¤¸ à¤¸à¥‹à¤°à¥‡à¤¨ | Jharkhand ka education minister Ramdas Soren | Jhar,0
good touch bad touch #school #education #playandlearn #activities #govtschool #goodtouchbadtouch,0
Let&#39;s Learn What&#39;s Hiding Inside Our Body ğŸ§ â“ #kidsvideo #learning,0
"Phonics, Counting, Colors + More Kids Learning Songs &amp; Nursery Rhymes | Gracieâ€™s Corner Compilation",0
jump on picture #youtubeshorts #viralvideo #education #school,0
Spoke English. Correct English #englishlearningclass #education #englishlearning #learning,0
How AI is Ruining Education For Everyone,0
"Science and Engineering Educational Compilation for Kids - Planets, Airplanes and More!",0
Magic Square (1-9) /Teacher innovative ğŸ’¡#education #maths #school #students #shorts  #youtubeshorts,0
How Do Airplanes Work? | Educational Video for Kids by Brain Candy TV,0
Cup sambrani making by our students #specialschool # vocational training #education #sambrani,0
True defination of Education by an Old man ğŸ’¯,0
Class 12 Physical Education Paper ReviewğŸ˜± Students Reaction on Paper ğŸ“âœ… #cbse #class12,0
Educational stories for kids from Vlad and Niki,0
Learn Colors For Kids | What Color Is It? | Educational Video For Babies &amp; Toddlers To Learn Colors,0
â• Learn Addition With a Minion! ğŸŒ Itâ€™s So Easy &amp; Fun! ğŸ˜„,0
"The Science of Teaching, Effective Education, and Great Schools",0
"Baby Learning Colors, Shapes, Numbers, Alphabet, Fruits, Veggies, Dinosaurs &amp; Animals - 60 Min",0
Compound Words in English for Kids  | Funny Song &amp; Nursery Rhymes  #toddlers #learning #education,0
"Meet the Animals 44 min | Shark, Alligator, Cheetah, Fox, Bear, Gorilla | Educational Videos",0
IQ TEST - 83 / BRAIN TEST / Innovative ideas #education #maths #school #viralshorts #youtubeshorts,0
Science Experiments for Kids With Meekah | Educational Videos for Kids | Blippi and Meekah,0
#6 Brainstorming on EDUCATION with Sandeep Maheshwari,0
The Education System Makes No Sense,0
"Educational Preschool Toys for Kids - Learn Words, Colors, Songs, Animals, and More!",0
Why do we get Nightmares? + more videos | #aumsum #kids #science #education #children,0
"ABC Song, Counting Numbers &amp; Learn Colors For Kids + More Educational Videos For Toddlers",0
Education -Floke Rose (VOY2017 Song Contest Winner),0
Numbers &amp; Counting Learning Activity | Educational Videos for Toddlers,0
The Five Senses | The Dr. Binocs Show | Educational Videos For Kids,0
Map of Computer Science,1
Crash Course Computer Science Preview,1
Early Computing: Crash Course Computer Science #1,1
100+ Computer Science Concepts Explained,
Why Study Computer Science,
Computer Science Vs Software Engineering | How to Pick the Right Major,
Computer Science is Changing Everything,
Electronic Computing: Crash Course Computer Science #2,
UGC NET Computer Science | UGC NET Computer Science Normal Forms By Shahna Ma&#39;am,
Unplugged - What is Computer Science?,
Computer Science vs. Data Science,
Undergraduate Computer Science Degrees | Newcastle University,
My Computer Science Degree in 19 Minutes,
Made for More: A Computer Science Journey - Feature Documentary,
Early Programming: Crash Course Computer Science #10,
Computer Science Careers and Subfields,
Data Science vs Computer Science Degree for Data Science Career,
How do computers and the internet work? - Computer Science Basics,
Computer Science at Bath,
Harvard CS50 â€“ Full Computer Science University Course,
The Man Who Revolutionized Computer Science With Math,
Introduction to Computer Science (CS 101) for Beginners - Free Course | Treehouse,
Computer Science Terminology,
Reality of Computer Science Degree in 2025! 4 Cr Breakdown?,
The TRUTH About Computer Science Degrees in 2024,
Introduction to Programming and Computer Science - Full Course,
Robots: Crash Course Computer Science #37,
What is computer science? | Intro to CS - Python | Khan Academy,
Computer Science vs Software Engineering - Which One Is A Better Major?,
"Lec 1 | MIT 6.00 Introduction to Computer Science and Programming, Fall 2008",
Oxford University Department of Computer Science tour,
Where can a job in computer science take you? | Roadtrip Nation,
Programming Basics: Statements &amp; Functions: Crash Course Computer Science #12,
What You Need to Succeed in Computer Science,
Computer Science Degree Explained,
Representing Numbers and Letters with Binary: Crash Course Computer Science #4,
Computer Science Students - Listen Up...,
1. What is Computation?,
Computer science is for everyone | Hadi Partovi | TEDxRainier,
Computer science education: why does it suck so much and what if it didnâ€™t? | Ashley Gavin | TEDxNYU,
"USA vs. India - Software Engineering (Computer Science, College, Coding Bootcamp)",
10 Math Concepts for Programmers,
Math for Computer Science,
2021&#39;s Biggest Breakthroughs in Math and Computer Science,
How Computers Calculate - the ALU: Crash Course Computer Science #5,
3D Graphics: Crash Course Computer Science #27,
Alan Turing: Crash Course Computer Science #15,
How I Became A Software Engineer Without Computer Science Degree | Amazing Story,
2024&#39;s Biggest Breakthroughs in Computer Science,
Registers and RAM: Crash Course Computer Science #6,
Create a full-stack app with no coding skills #productivity #coding #development #webdevelopment,
Benefits of being developer #webdevelopment #frontend #html #javascript #coding #javascripttricks,
Junior Developer ğŸ¤¡ VS Senior Developer ğŸ¤“#web  #webdeveloper #webdevelopment #coding #programming,
Full-Stack or Web Development: Which should you learn?  #shorts #fullstack #webdevelopment,
Roadmap to Web Development | for Students,
HTML Input Tags List Tutorial For Beginners (Web Development),
"Front-end web development is changing, quickly",
Fastest way to become a Web Developer in 2025,
Link HTML with CSS | Web Development | CSE Knowledge,
Web Development Explained in 60 Seconds,
100+ Web Development Things you Should Know,
Web Development Complete RoadMap for 2025 | from Basics to Advanced,
App Dev vs Web Dev: What to Choose?,
Learn web development as an absolute beginner,
Top 4 Websites to Practice Programming,
Fastest way to learn Web Development #webdevelopment #html #css #javascript,
&quot;HTML Basics to Advanced: Mastering Junior &amp; Senior Level Skills!&quot; #webdevelopment #css #html,
Backend web development - a complete overview,
1 Year of Learning Web Development (Self Taught),
The Complete Web Development Roadmap,
Web Developer vs Web Designer | Which One is for You?,
Become a Front-End Developer in 100 Days !,
"&quot;Unleashing the Power of Web Development in 30 Seconds! ğŸ’»ğŸŒ Exploring HTML, CSS and JS.",
ğŸ”¥ Software Developer vs. Web Developer: Which One Are You? | Simplilearn #shorts,
Full Stack Developer in 6 Months,
What to choose?ğŸ™†â€â™‚ï¸ Data science or Web Development #datascience #webdevelopment #youtubeshorts,
How I&#39;d Learn Web Development (If I Could Start Over),
Installing VS Code &amp; How Websites Work | Sigma Web Development Course - Tutorial #1,
Fastest Way to Become a Full Stack Web Developer! ğŸš€ Roadmap 2025 â€“ Must Watch! ğŸ”¥ #shorts,
Day 023 - ğŸ¤¯ Css order button v2 design #coding #programming #cssanimation #webdevelopment #css #html,
No Coding Experience to Web Development Journey ğŸ”¥ â€“ Must Watch! ğŸ”¥ #shorts,
Web Developer&#39;s Life be Like!,
"Instantly creates a full sitemap, wireframe and style guide #webdevelopment #webdesign #productivity",
3 Levels Of React Developers #reactjs #reactdevelopment #reactjsdeveloper #webdevelopment,
Plan for Front End &amp; Back End Developer | #frontend #backend #developer,
5 FREE Web Development Courses with Free Certificates | Full Stack Development for FREE in 2025 ğŸ”¥,
Web Development à¤®à¥‡à¤‚ à¤•à¥à¤¯à¤¾ à¤•à¤¾à¤® à¤•à¤°à¤¨à¤¾ à¤¹à¥‹à¤¤à¤¾ à¤¹à¥ˆ | Web Development Work | Web Development | DG Campus,
Complete roadmap for developers #coding #webdesign #roadmap,
Web Developer à¤•à¥ˆà¤¸à¥‡ à¤¬à¤¨à¥‡? | 3 Best Free Courses to Become a Web Developer [Complete Guide],
Web Development For Babies,
ğŸ”¥Salary of Python Developer | Python Developer ki Salary | #Simplilearn #Shorts,
How to Become a Web Developer in 2025?,
Ø§Ø²Ø§ÙŠ ØªØ¨Ù‚Ù‰ Web Developer ØŸ,
ğŸ‘¨â€ğŸ’» Web Designer vs Web Developer: What&#39;s the Difference? ğŸ¨  #webdesigner #webdeveloper #shorts,
How to become a full stack developer ğŸš€ | Web Development Explained | Error Makes Clever Academy,
Old Programmer vs New Programmer ğŸ¤£  #coding #webdesign #python #frontendcourse #webdevelopment #css,
Is web development worth it in 2025 ? #python #softwaredevelopment #coding,
The Power of Firebase for Your Web Development! ğŸš€ #firebase #shorts #firebasedatabase,
40 project ideas for web developers #web #development #develop #project #ideas #learn #howto #shorts,
Created Reptile | HTML | CSS | Javascript #youtubeshorts #trending #coding #animation #ai #learning,
This mat helped me learn Java so fast ğŸ˜­ #coding #java #programming #computer,
This mat helped me learn Java so fast ğŸ˜­ #coding #java #programming #computer,
POV: Playing JAVA Games on Nokia E72 From 2009,
The perfect mat for programmers ğŸ˜« #lua #coding #programmer #java #python,
How to Install Java JDK 24 on Windows 11,
Itâ€™s literally perfect ğŸ«  #coding #java #programmer #computer #python,
How to Install Java JDK 23 on Windows 11,
Bridging On Java VS Bridging On Bedrock ğŸ’€,
Packages - Java Tutorials For Beginners 20,
POV: Playing Java Games On a 19 Year Old Nokia Phone...,
POV: Playing 3D Java Games on 18 Year Old Nokia Phone...,
how I learned Java to break into FAANG (copy me),
POV: Playing Java Games on a 16 Year Old Nokia...,
Java in 100 Seconds,
POV: Playing 3D Java Games on Classic Nokia XpressMusic...,
POV: Playing JAVA Games on an 18 Year Old Nokia 3D GPU Phone...,
POV: Playing Java Games on a Classic Nokia XpressMusic...,
Java vs Python: Which Language Should You Learn in 2025?  #shorts #java #python,
POV: Playing Touch JAVA Games on Nokia Asha 303 From 2011,
POV: Playing JAVA Games on Nokia N95 From 2006...,
How to Setup Java in VS Code [Updated 2025] | Run Java in VS Code | Amit Thinks,
POV: Playing Touch JAVA Games on Nokia Asha 311 (2012),
POV: Playing Java Games on Classic Nokia C3-00 From 2010...,
#1 Java Introduction,
"Java Basics in Just 90 Seconds, Everything You Need to Know! #coding #shorts",
38 Indonesian Street Foods in Java Island - SURABAYA #1 Duck + SEMARANG Nasi Goreng + SOLO Best Sate,
Java Full Course for Beginners,
Java tutorial beginner| Java interview questions | Java questions and answers | java syllabus #java,
Junior vs Senior Backend developer| Beginner vs Pro | #programming #java #interview #coding #backend,
Skeletons In Bedrock Vs Skeletons In Javaâ€¦ #shorts #viral,
POV: Playing Java Games on Modern Nokia We Wished For...,
Programming#python#javascript#java#c++#assembly #coding,
JEEPS &amp; JAVA event at Cross Jeep (Over 150 Jeeps!),
java edition moment,
Learn Java in 14 Minutes (seriously),
POV : Installing &amp; Playing Java Games on Nokia E72 (2009),
Subscribe for more coding tipsâ¬†ï¸#trending #ai #coding #cs #python #java #viral #shorts #study,
Roadmap for Java Developers.,
POV: Playing Touch Java Games on Nokia Asha 311 From 2012...,
Java New Feature Interview Question ğŸ”¥ | Sealed Interface Explained,
O AldeÃ£o do Bedrock Sola o do Java,
Learn Java in 15 Minutes (seriously),
Check if a number is even or odd without using loop or if- else #java #program #java4quicklearning,
Lebih masuk akal Minecraft Java atau Bedrock nih?,
Can you guess the output of following code in java #corejava #coding #program #java4quicklearning,
Don&#39;t become a Java Developer in 2025 | Java Roadmap 2025 | Charan_techstudio,
Java Skeleton VS Bedrock Skeleton ğŸ’€,
ğŸŒ Top Programming Languages &amp; Thier Uses #python #javascript #c++#java #swift #shorts #tech #viral,
BEST SURVIVAL JAVA SEED! #shorts,
Minecraft Bedrock vs. Java (which is better),
Algorithms and Data Structures Tutorial - Full Course for Beginners,
Fastest way to learn Data Structures and Algorithms,
Data Structures Explained for Beginners - How I Wish I was Taught,
5 Steps to Learn DSA - Complete Roadmap To Learn DSA,
What are Data Structures?,
Data Structure and Algorithm Patterns for LeetCode Interviews â€“ Tutorial,
Data Structures and Algorithms in 15 Minutes,
Data Structures &amp; Algorithms Tutorial in Python #1 - What are data structures?,
#DSA#DataStructures #dsa #CodingShorts #DSANights #TechEducation #LearnToCode #Programming #Leetcode,
Data Structures and Algorithms for Beginners,
How I&#39;d Learn Data Structures &amp; Algorithms For Free,
Introduction to Data Structure and Algorithm | DSA Placement Course,
How I mastered Data Structures and Algorithms #dsa #codinginterview #leetcode,
Learn DSA Using Projects,
Visualize algorithms and data structures in real time #coding #development #algorithm,
how much DSA to learn?,
Top 5 Data Structures for interviews,
Data Structures and Algorithms (DSA) in Java 2024,
How I Mastered Data Structures and Algorithms,
Data Structures &amp; Algorithms #1 - What Are Data Structures?,
Data Structures Explained for Beginners - How I Wish I was Taught,
There is an Order to Learning Data Structures &amp; Algorithms!!!,
BEST Way To Learn Data Structures And Algorithms (for beginners),
Best Order to Learn Algorithms &amp; Data Structures,
Data Structures and Algorithms,
How I would learn to code,
Visualize data structures and algorithms,
I was bad at Data Structures and Algorithms. Then I did this.,
Free Data Structures and Algorithms Course ~35 Hours | #DSA #faang,
DSA Complete Series ğŸš€ : Data Structures &amp; Algorithms | by Shradha Khapra Ma&#39;am,
Data Structures &amp; Algorithms Roadmap - What You NEED To Learn,
What are Data Structures and Algorithms? â€“ [Hindi] â€“ Quick Support,
Top 5 algorithms for interviews,
Should you do dsa using python? ğŸ¤” | DSA | Python | Machine Learning | GFG #geeksforgeeks,
Quuck Sort Algorithm in Data Structures #quicksort #sorting #algorithm #datastructures,
Binary Search Algorithm - Simply Explained,
Is python the right choice forÂ DSA? ğŸ¤” | Python | Data Structures | GFG,
Why You Need Data Structures and Algorithms,
How I Mastered Data Structures and Algorithms,
My Top 3 Tips for Learning Data Structures &amp; Algorithms,
ğŸ˜³Master DATA STRUCTUREs in Jus 25Mins EASILY(Beginners with CODE)ğŸ”´,
Stop solving 500+ Leetcode problems,
Introduction to Data Structures &amp; Algorithms,
Most commonly asked topics in coding interviews,
Donâ€™t learn Data Structure before knowing this âŒâŒ,
Why You Need Data Structures and Algorithm Skills in Coding #programming #coding #softwareengineer,
Top 6 Coding Interview Concepts (Data Structures &amp; Algorithms),
The difference between Trees and Graphs (Data Structures),
Data Structures and Algorithms using Java,
Data Structures and Algorithms in Python - Full Course for Beginners,
Competitive Programming vs Projects: What to Do in 2024?,
Competitive Programming #coding #programming,
How to start Competitive Programming ? Guide for Beginners !,
Intro to Competitive Programming,
What is Competitive Programming?,
Competitive Programming - How to Start? Complete Guide,
How to start Competitive Programming? For beginners!,
CSES Problemset | Goldmine in Competitive Programming | #shorts,
Adobe India Hackathon 2025 â€“ All Questions Solutions | Quiz + Coding | 11 July 2025,
Top 5 Competitive Programmers in the WorldğŸŒğŸ’»,
Starting Competitive Programming - Steps and Mistakes,
From Beginner to Grandmaster - Complete Roadmap for Competitive Programming,
How To Become Red Coder? (codeforces.com),
YOU DONT NEED A HIGH IQ FOR COMPETITIVE PROGRAMMING,
Asking Google SDE &amp; Codeforces Master how to start Competitive Programming #cp #coding #google #sde,
My Competitive Programming Journey (and how to practice),
Solving 1200 Rated Questions | Competitive Programming Reaching 2000 Rating | Part-38 | STREAM #144,
WHAT IS COMPETITIVE PROGRAMMING?,
Competitive programming or DSA | what to choose for Placements,
1 Secret to Competitive Coding by Air-1 Google Kickstart ğŸ”¥ | How to start Competitive Programming?,
Master Competitive Programming with this RoadMap | *Free Resources Inside*,
The Dark Side of Competitive Programming,
Should you do Competitive Coding in 2024? for all Coders,
Dynamic Programming Vs. Competitive Programming !! #DPvsCP #programming #skills,
The best roadmap for competitive programming,
Competitive Programming Sheet | Beginner to Advanced ğŸ”¥ | Codeforces and Codechef | Coding Rounds,
Four years of Competitive Programming in four minutes.,
Google Coding Interview With A Competitive Programmer,
Competitive Programming as Fun!,
What is Competitive Programming??  Benefits of Competitive Programming #Shorts #PWSkills,
Take your Logic and Problem Solving Skills to the Moon | Coding | Competitive Programming | Guidance,
Maths Required for Competitive Coding #shorts,
BEST BOOKS FOR COMPETITIVE PROGRAMMING,
5â­ COMPETITIVE CODER REVEALS HOW TO START COMPETITIVE CODING | Competitive Programming for Beginners,
Journey of Legendary Competitive Programmer William Lin | Competitive Programming By Coding Ninjas,
Competitive Programming #mysirg,
Best Way to Practice Competitive Programming,
710&#39;s Insane Competitive Programming Training,
DSA vs Competitive programming sigma male discussion about that #sigmarule #coding,
Competitive Programmers ft @gkcs,
Gennady Korotkevich Biography: The Unstoppable King of Coding | Tourist&#39;s Journey to 4000 Elo,
Competitive Programming Roadmap | 0 to 6â­ and Candidate Master | How to Start | 2024,
Competitive Programmers favourite programming language #icpc #competitiveprogramming #cplusplus,
Top Competitive Programmer vs. FAANG Interview Questions,
Backtracking Algorithm for Competitive Programming,
How Competitive Programming Stands out in resume | CodingBlocks #myntra #resume #placement #coder,
Competitive Programming is a Gimmick,
How to do Competitive Programming?? | Programming Tips | #Shorts #PWSkills #PhysicsWallah,
What is Competitive Programming ? ğŸ¤” Is It Necessary For Placement? #collegewallah #pwskills,
From Noob to Expert: My Journey in Competitive Programming ğŸš€ | 1000+ Problems Solved,
Java Full Course for Beginners,
how I learned Java to break into FAANG (copy me),
Java in 100 Seconds,
Java vs Python: Which Language Should You Learn in 2025?  #shorts #java #python,
#1 Java Introduction,
"Java Basics in Just 90 Seconds, Everything You Need to Know! #coding #shorts",
Java tutorial beginner| Java interview questions | Java questions and answers | java syllabus #java,
Junior vs Senior Backend developer| Beginner vs Pro | #programming #java #interview #coding #backend,
Packages - Java Tutorials For Beginners 20,
Skeletons In Bedrock Vs Skeletons In Javaâ€¦ #shorts #viral,
Programming#python#javascript#java#c++#assembly #coding,
java edition moment,
Learn Java in 14 Minutes (seriously),
Subscribe for more coding tipsâ¬†ï¸#trending #ai #coding #cs #python #java #viral #shorts #study,
Roadmap for Java Developers.,
Java New Feature Interview Question ğŸ”¥ | Sealed Interface Explained,
O AldeÃ£o do Bedrock Sola o do Java,
Check if a number is even or odd without using loop or if- else #java #program #java4quicklearning,
Learn Java in 15 Minutes (seriously),
Lebih masuk akal Minecraft Java atau Bedrock nih?,
Can you guess the output of following code in java #corejava #coding #program #java4quicklearning,
Don&#39;t become a Java Developer in 2025 | Java Roadmap 2025 | Charan_techstudio,
Java Skeleton VS Bedrock Skeleton ğŸ’€,
ğŸŒ Top Programming Languages &amp; Thier Uses #python #javascript #c++#java #swift #shorts #tech #viral,
BEST SURVIVAL JAVA SEED! #shorts,
Minecraft Bedrock vs. Java (which is better),
JAVA~LENO (Audio officially),
The Untold Story of Java,
Introduction to Java Language | Lecture 1 | Complete Placement Course,
Java Tutorial for Beginners | Learn Java in 2 Hours,
This mat helped me learn Java so fast ğŸ˜­ #coding #java #programming #computer,
BEST Java/Bedrock Minecraft Server ğŸ”#minecraft #minecraftserver,
How to play the EARTH SMP on Java...,
Java Full Stack Developer Salary | Java Developer Salary &amp; Skills Needed | Intellipaat #shorts #java,
Hereâ€™s the BEST SEED FOR JAVA! #shorts,
Jogadores do java testando o novo golem,
java gets a bedrock exclusive **RARE**,
Java Tutorial for Beginners,
Python or Java? #codingninjas #coding #java #python,
Which Coding Language Pays More in 2025? Python vs Java.. #python  #java #courses,
Why Java Mods Are So Much Better Than Bedrock Mods? #minecraft,
#01 Introduction to Java Programming Tutorial Series | For Beginners in Tamil | Error Makes Clever,
à®†à®°à®®à¯à®ªà®¿à®•à¯à®•à¯à®±à¯‹à®®à¯ Scratchà®² à®‡à®°à¯à®¨à¯à®¤à¯ à®‡à®©à¯à®©à¯ˆà®•à¯à®•à¯ Day 01 | What is Java,
C++ or Java? Comment below  #codingninjas #coding #programming #java #c++,
Java Full Course for free â˜• (2025),
ğŸ”¥Python vs Java: Which One Should You Learn? #shorts #simplilearn,
The Ultimate Programming Language Showdown: C++ vs C# vs Java vs Python,
ğŸ”¥Salary of Java Full Stack Developer #shorts  #simplilearn,
Java Vs Python                                           #developer #python #java #developer #fyp,
Minecraft Movie: Is It Bedrock Or Java?,
Spring Boot Interview Mastery | Question &amp; Answer Guide for Developers | Part-7 @Javatechie,
Spring vs Spring Boot? | Java Interview Question | Spring Framework Explained #TDshorts 7,
ğŸš€ Build FULL STACK App FAST! Angular 18 + Spring Boot 3 + MySQL (2025) #FullStack #Angular #java,
Struggling with Slow Microservices? Optimize with the Aggregator Design Pattern : Spring Boot ğŸš€,
Spring Boot ShedLock in Action! ğŸš€ Prevent Duplicate Scheduled Jobs| @Javatechie,
Build Real-Time Notifications in Spring Boot Applications Using WebSocket | @Javatechie,
AsyncAPI + Kafka Microservices ğŸ”¥ | SpringWolf Auto-Docs in Spring Boot (Zero Config),
ğŸš€ Spring Boot + gRPC |  Build Your First Microservice | Unary RPC Server Example! ğŸ”¥@Javatechie,
Spring Boot CRUD Operations,
How to Run Spring Boot Projects in Visual Studio Code on Windows 11 [ 2025 ] Java Spring Framework,
ğŸš€  Spring Boot + gRPC Client | Consume gRPC Unary Service | @Javatechie,
"Spring Boot Unit Testing and Integration Testing with JUnit, Mockito and MockMvc -  [2022]",
Top 3 tricky Senior Developer Interview Questions &amp; Answers | Spring boot Microservice | Code Decode,
Micrometer in Spring Boot 3 | Interview Question and Answers | Code Decode,
Spring Boot + gRPC Bidirectional Streaming Explained ğŸš€ | Real-Time Example | @Javatechie,
How to Deploy Spring Boot App with PostgreSQL on Render  For Free | Docker  + Docker Hub Push,
How to install Spring Tool Suite STS on Windows 10/11 [ 2025 Update ] Spring Boot Framework Project,
Generative AI - Spring Boot || Naresh IT,
The SIMPLEST Way to Implement OAuth2 in Spring Boot With Real World Example ğŸ”¥ Step-by-Step Tutorial,
ğŸš€ Deploy Full Stack React + Spring Boot + MongoDB App to Netlify &amp; Railway | (Free &amp; Easy) ğŸ”¥,
Component Vs Bean In Spring #javadeveloper #coding #javaframework #springboot,
Spring Boot Tutorial for Beginners [2025],
#5 What is Spring Boot?,
Why Spring Boot is the BEST Backend Framework,
Tomcat vs Netty: 10X Performance Boost ğŸš€ | Spring Boot Blocking Problem Explained,
#1 What is Spring Framework?,
Spring vs Spring Boot #java #interview #interviewtips #springboot,
Spring Boot Tutorials | Full Course,
"Lets Build Twitter From the Ground Up: Episode 265 || Java, Spring Boot, PostgreSQL and React",
The ULTIMATE Guide to Spring Boot: Spring Boot for Beginners,
Spring Framework and Spring Boot Tutorial with Project,
Kafka vs REST in Microservices ğŸ”¥ | Why Event-Driven Wins âš¡ | Spring Boot,
ğŸ”¥Spring MVC Interview Questions | Spring Boot Vs Spring MVC | Intellipaat #Shorts #SpringMVC,
How Spring Boot Can Be A Game Changer For Your Career,
How To Dockerize Spring Boot Application âœ… #docker #springboot,
Java spring boot roadmap | #springframework #springboot #job #placement #engineering,
What is Spring-Boot Framework? (explained from scratch),
Circular Dependancy In Spring Boot #coding #springboot #java,
Spring Boot Full Course - Learn Spring Boot In 4 Hours | Spring Boot Tutorial For Beginner | Edureka,
MERN or spring boot?,
The Ultimate Spring Boot Roadmap for Java Developers (2025 Update),
Spring Boot Tutorial | Full Course [2023] [NEW],
Spring Framework (O Salvador do Java) //  DicionÃ¡rio do Programador,
Send Emails From Spring Boot App âœ… #coding #javaframework #springboot #programming #java,
Spring Boot Deep Dive | How It Simplifies Java Apps &amp; Microservices,
Retryable Annotation In Spring #springboot #programming #javadevelopment #coding,
Spring Boot Tutorial for Beginners | Full Course 2025,
#TRANSACTIONAL en #SPRING BOOT,
What is Spring Boot in Hindi | The Whys and Hows of this Java Marvel!,
Spring Boot Tutorial - Crash Course,
System Design for Beginners Course,
System Design Concepts Course and Interview Prep,
What is System Design and how is it useful?,
20 System Design Concepts Explained in 10 Minutes,
System Design for Beginners,
8 Most Important System Design Concepts You Should Know,
System Design Primer â­ï¸: How to start with distributed systems?,
7 System Design Concepts Explained in 10 Minutes,
System Design was HARD until I Learned these 30 Concepts,
[A-Z] System Design Roadmap | Telugu | Vamsi Bhavani,
How to Answer System Design Interview Questions (Complete Guide),
20 System Design Concepts You Must Know - Final Part,
System Design Was HARD - Until You Knew the Trade-Offs,
System Design Interview: A Step-By-Step Guide,
WHATSAPP System Design: Chat Messaging Systems for Interviews,
How I Mastered System Design Interviews,
System Design: TINDER as a microservice architecture,
[Complete] System Design Roadmap with Videos/Blogs for Everyone - Interviews and Kickstart Career,
Design Youtube - System Design Interview,
System Design Interview â€“ BIGGEST Mistakes to Avoid,
I ACED my Technical Interviews knowing these System Design Basics,
Top 7 Most-Used Distributed System Patterns,
UPI System Design Mock Interview with Gaurav Sen &amp; @sudocode,
What is system design process in software engineering ?,
System Design - Part 1 | Introduction &amp; Career Path | Why you need to learn System Design?,
How to Crack Any System Design Interview | Scalable System Design,
Google India Engineers in a Mock System Design Interview,
System Design: Why Is Docker Important?,
Design Twitter - System Design Interview,
Design a Payment System - System Design Interview,
Tiny URL - System Design Interview Question (URL shortener),
System Design Interview: Design Uber w/ a Ex-Meta Staff Engineer,
System Design Interview: TikTok architecture with @sudocode,
How to Crack System Design Interviews â€“ Drive With Me,
5 Tips for System Design Interviews,
Twitter System Design | System Design Interview Question,
Ø³Ø¨Ø¨ Ù†Ø¬Ø§Ø­ Ø§Ù„Ù…Ø´Ø§Ø±ÙŠØ¹ Ø§Ù„ÙƒØ¨ÙŠØ±Ø© | System Design (C4 Model),
Zoom System Design | WhatsApp / FB Video Calling System Design | System Design Interview Question,
System Design Interview: Design Ticketmaster w/ a Ex-Meta Staff Engineer,
Uber System Design | Websockets and Event Driven Architecture,
System Design BASICS: Horizontal vs. Vertical Scaling,
System Design Interview â€“ Step By Step Guide,
System Design Interview Questions 2025 | System Design Interview Questions &amp; Answers | Intellipaat,
Instagram System Design | Meta | Facebook,
Networking Essentials for System Design Interviews,
Lets talk about System Design,
System Design Mock Interview: Design a Rate Limiter (with Meta Engineering Manager),
"System Design Interview: Architecture of Amazon, Flipkart like e-commerce system with @gkcs",
System Design Interview Concepts [FULL TUTORIAL],
Complete System Design Roadmap 2025 | HLD &amp; LLD by Shradha Ma&#39;am,
MERN Stack Tutorial for Beginners with Deployment â€“ 2025,
Still Learning MERN Stack in 2025? Hereâ€™s the HARSH Truth No One Tells You!,
How To Make MERN Stack Chat App With Socket.io | Build Real-Time Full Stack Chat Application,
MERN Stack Tutorial with Deployment â€“ Beginner&#39;s Course,
Build Full Stack Doctor Appointment Booking System Using MERN Stack | Complete React JS Project,
Mern vs fullstack,
"Complete MERN Authentication System With Password Reset, Email Verification, JWT auth",
MERN Stack Developer RoadmapğŸ”¥ #mernstack,
MERN Stack Roadmap #shahidnaeem #mernroadmap #mernstack #coding #programming #code #reactjs #develop,
MERN Stack Tutorial #1 - What is the MERN Stack?,
"Build Full Stack Job Portal App with React js, Express js. Node js, Clerk Auth and Sentry 2024",
How To Create Full Stack Text to Image Generator AI SaaS App Using React JS | MERN Project,
Build Full Stack LMS Website using MERN Stack | Create Full Stack React JS Project 2025,
MERN Stack vs MEAN Stack: Which Full Stack is Right for You? #shorts #mernstack #meanstack,
Roadmap to become a Mern Stack Developer  ğŸ”¥ğŸ”¥,
Full-Stack or Web Development: Which should you learn?  #shorts #fullstack #webdevelopment,
MERN Stack future in Next 5 years | Web development roadmap 2025,
What is the MERN Stack Myth?,
Reality of MERN STACK competition #shorts,
MERN stack is DEAD? Career Advices not to miss!!,
MERN Stack Tutorial - Book Store Project,
Is the MERN Stack Really Dead in 2025? | What Developers need to know #shorts #web,
"What is MERN STACK? - MongoDB, Express, React, Node.js - Full Tutorial",
MERN Stack â‡ï¸ Java Full stack âœ… Is MERN Stack Better than JAVA full stackğŸ§ #shorts,
Cancel Orders with a Click ğŸ›’ MERN Stack in 60 Secs!,
What is MERN Stack in Telugu | MERN Stack à°…à°‚à°Ÿà±‡ à°à°‚à°Ÿà°¿ | MongoDB Express React Node | Vamsi Bhavani,
MERN Stack vs. Full Stack Development,
Complete MERN Stack Developer Roadmap For Beginners (2023),
Learn The MERN Stack - Express &amp; MongoDB Rest API,
MERN Stack Vs Java Full Stack Development in 2024 | Kya Seekhu - MERN vs JAVA Development ?,
MERN Stack is Dead?  (the right full-stack path for 2025),
Mastering MERN as a BEGINNER | Tanay Pratap Hindi,
MERN Stack in Action #developer #coding,
MERN Stack Development roadmap in Tamil ğŸš€ğŸ˜±#mernstack #roadmap#tamil#trending #tamilshorts,
What does it mean to be a MERN Stack Developer? #shorts,
"The ULTIMATE MERN Stack Complete Guide (MongoDB, Express, React, Node.js)",
ğŸ•¸ï¸ğŸ“²MERN Stack Explained in Tamilâ“| #thillaithetechie,
ğŸ Roadmap To Become MERN Stack Developer ğŸ,
"Tech terms, explained: MERN Stack",
Comment â€œRunTymâ€ for 70+ MERN STACK Interview Questions #coding #programming #runtym #interview,
MERN Stack Full Course 2023 | Complete MERN Stack Developer Course | MERN Stack | Simplilearn,
What is MERN Stack? #wellactuallygirl #mern #mernstack #mongodb #express #react #nodejs #node #short,
MERN Stack Tutorial for Beginners - Deployment Included,
Upto 30 LPA MERN Stack Developer GuideğŸ§‘â€ğŸ’»ğŸ’¸ | MongoDB | ExpressJS | ReactJS | NodeJS | GFG,
ğŸš€MERN stack in TamilğŸ”¥mern tamil #mern #mernstack #intamil #react #shorts #viral,
Build and Deploy a Full Stack Social Media App using React js | MERN Stack Project 2025,
5 MERN Stack Projects ideas #shorts #projects @ApnaCollegeOfficial,
MERN Stack VS Java Full Stack Development in 2025 | Best Skill To Learn ğŸ”¥ğŸ”¥,
How to Become a MERN Stack Developer,
Introduction to MERN stack | Complete React Course in Hindi #41,
13 Low Fees High Placement MBA Colleges in India | Best MBA Colleges #shorts,
IIT Placement Report 2024: The RealityğŸ¤”ğŸ¤”#jee #jee2025 #iit #iitjee #iitplacement #placement,
Kaise Milta hai 1 CRORE ka package ğŸ¤‘ - All about IIT Placements #iit #placement,
Can you guess his iit package? ğŸ˜… #iitbombay #iitdelhi #nova #iitstatus #placement #iitplacements,
How IITians Prepare For PLACEMENTS? #rushikale #iit #iitbombay,
Placement Aise Hota Hai... ğŸ¤” #vlog #college #placement #interview,
Top 10 Indian Colleges by Placement Packages | Anurag Aggarwal,
How to prepare for Placements &amp; Internships as a FRESHER in 2025 ?,
"NIAMT Ranchi Full Review | Placement, Fee, Campus, Cutoff &amp; Admission 2025",
The Harsh Truth About Off-Campus Placements ğŸ˜“,
From IIT to â‚¹____ per Month ğŸ˜³ | IIT Placement Salary ğŸ”¥ IITians Salary Per Month in India #jee #iit,
5 Tips for Maximum Package College Placement,
IIT BHU Ka Jalwa ğŸ”¥ğŸ¥¶ Highest Package Vs Average Package #iitmotivation #iitjee #placement,
Top 5 NITs in INDIA ( Placement wise ) #shorts #jeemain #nit #iit,
Placement ki tension âŒ Zinda Rhne ki Tension ft Electrical Students! #minivlog #shorts #viralvideo,
GOOD vs BAD Placements in Clash Royale #clashroyale #placement #shorts,
Poor Placement... #dnd #ttrpg #dnd5e,
Unfortunate hand placement ğŸ’€ #cheer #stunt #shorts,
The Hand PlacementğŸ˜â¤ï¸@isabellaafro  #habibi #reaction #africa #couple #travel #shorts,
"Foster care placement call example, sometimes there are miscommunications",
90 Days Placement Preparation Plan for College Students &amp; Freshers ğŸš€ | Get Placed in Top Companies ğŸ’¼,
How to get Tech Placement in 6 Months? Study plan for Software Engineering Placements,
This is how Google and Microsoft HiresğŸ˜±ğŸ˜±#google #hiring #microsoft #jobs #placement #job #btech,
Highest package IIT BombayğŸ”¥ #iitbombay #placements #iit #jee #iitjee #gate#shorts #iitian #package,
How do IITians prepare for PLACEMENTS !? #iit #rushikale #iitbombay,
60 LPA room ğŸ—¿#iit #placement,
IIT vs LPU in 2025 ğŸ—¿ğŸ«£ College Placement #shorts #jee2025 #engineering #college #trending #class12,
#MBA #colleges  with Low #Fees and High #placement | #High Return on #investment MBA #2023!,
My IIT Placement Revealed!! Company?Pakage? Role? Location? ğŸ”¥ #iit #placement #minivlog,
AIB : Honest Engineering Campus Placements | Part 01,
Achieving Perfect Placement on T-Shirts,
2.2 core first day highest package IIT Bombay. #shorts #iitbombay #short #motivation #placement #iit,
My Placement at IIT Guwahati From CSE | IIT Motivation ğŸ”¥ #iit,
CONFESSIONS of an MBA Placement Committee Member: Insider Secrets Revealed!,
Placement Preparation for CSE JOBs || MCQ &amp; Interview Rounds Roadmap,
On-Campus Placements vs Off-Campus Placements! #code #codingblocks #oncampus #offcampus #placement,
Top 5 Placement Tips for Tech Jobs &amp; Internships - 2025,
Campus Placement Salary at SRM?ğŸ’°,
VIT Student Placement Testimonial,
My Placement Day!!ğŸ¥¹â¤ï¸ last semester in IIT ep:4 #minivlog #iit #placement,
Btech placement skills,
How many Coding languages needed for Internship/Placement as Software Engineer in Top Companies?,
100% Placement CollegeğŸ˜±ğŸ˜±#isi #isi2024 #indianstatisticalinstitute #statistics #placement #job,
Placement Strategy 2025 | Roadmap to Crack Tech Job in 6 months,
Resources I Followed to Crack Placement in 3 month&#39;s ğŸ’¯,
TOP 3 HIGH-PAYING TECH JOBS! (UPTO 50LPA) #shorts #techjobs,
The Placement Song - Life of Every Engineer,
Mechanical Placement Coaching | Polytechnic Placement | #mechanicalengineering | #polytechnic,
ğŸ’¥IIT Bombay JEE Advanced 2025 | B.Tech Fees &amp; Placement Package Revealed!,

